<?xml version="1.0" encoding="UTF-8"?>
<project-private xmlns="http://www.netbeans.org/ns/project-private/1">
    <editor-bookmarks xmlns="http://www.netbeans.org/ns/editor-bookmarks/2" lastBookmarkId="0"/>
    <open-files xmlns="http://www.netbeans.org/ns/projectui-open-files/2">
        <group>
            <file>file:/C:/Users/olf5jvl/Documents/NetBeansProjects/loja_eletronicos/src/MODULO_INICIAL/Home.java</file>
            <file>file:/C:/Users/olf5jvl/Documents/NetBeansProjects/loja_eletronicos/src/MODULO_INICIAL/Login.java</file>
            <file>file:/C:/Users/olf5jvl/Documents/NetBeansProjects/loja_eletronicos/src/CONEXAO_BANCO/Banco_dados.java</file>
            <file>file:/C:/Users/olf5jvl/Documents/NetBeansProjects/loja_eletronicos/src/CRUD/Vendas.java</file>
            <file>file:/C:/Users/olf5jvl/Documents/NetBeansProjects/loja_eletronicos/src/CRUD/Cliente.java</file>
            <file>file:/C:/Users/olf5jvl/Documents/NetBeansProjects/loja_eletronicos/src/CRUD/Celular.java</file>
        </group>
    </open-files>
</project-private>
